<metadata xml:lang="en"><Esri><CreaDate>20211010</CreaDate><CreaTime>21100200</CreaTime><ArcGISFormat>1.0</ArcGISFormat><SyncOnce>FALSE</SyncOnce><DataProperties><lineage><Process ToolSource="c:\program files\arcgis\pro\Resources\ArcToolbox\toolboxes\Conversion Tools.tbx\FeatureClassToFeatureClass" Date="20211010" Time="211002">FeatureClassToFeatureClass cnty24k09_1_poly \\catdrive.ucmerced.edu\classfiles\ENGR180\Lab\Vadodkar\Datafest-EducationalEquity\Datafest-EducationalEquity.gdb CACountyMedianHouseholdIncome2019 # "NAME_PCASE "NAME_PCASE" true true false 40 Text 0 0,First,#,cnty24k09_1_poly,cnty24k09_1_poly.NAME_PCASE,0,40;NAME_UCASE "NAME_UCASE" true true false 30 Text 0 0,First,#,cnty24k09_1_poly,cnty24k09_1_poly.NAME_UCASE,0,30;FMNAME_PC "FMNAME_PC" true true false 40 Text 0 0,First,#,cnty24k09_1_poly,cnty24k09_1_poly.FMNAME_PC,0,40;FMNAME_UC "FMNAME_UC" true true false 26 Text 0 0,First,#,cnty24k09_1_poly,cnty24k09_1_poly.FMNAME_UC,0,26;ABBREV "ABBREV" true true false 4 Text 0 0,First,#,cnty24k09_1_poly,cnty24k09_1_poly.ABBREV,0,4;NUM "NUM" true true false 4 Short 0 4,First,#,cnty24k09_1_poly,cnty24k09_1_poly.NUM,-1,-1;ABCODE "ABCODE" true true false 6 Text 0 0,First,#,cnty24k09_1_poly,cnty24k09_1_poly.ABCODE,0,6;FIPS "FIPS" true true false 3 Text 0 0,First,#,cnty24k09_1_poly,cnty24k09_1_poly.FIPS,0,3;ANSI "ANSI" true true false 3 Text 0 0,First,#,cnty24k09_1_poly,cnty24k09_1_poly.ANSI,0,3;ISLAND "ISLAND" true true false 2 Text 0 0,First,#,cnty24k09_1_poly,cnty24k09_1_poly.ISLAND,0,2;Shape_Leng "Shape_Leng" true true false 19 Double 0 0,First,#,cnty24k09_1_poly,cnty24k09_1_poly.Shape_Leng,-1,-1;Shape_Area "Shape_Area" true true false 19 Double 0 0,First,#,cnty24k09_1_poly,cnty24k09_1_poly.Shape_Area,-1,-1;County "County" true true false 8000 Text 0 0,First,#,cnty24k09_1_poly,medianhouseholdincome2019.csv.County,0,8000;MedianHouseholdIncome2019_Dollars_ "MedianHouseholdIncome2019(Dollars)" true true false 4 Long 0 0,First,#,cnty24k09_1_poly,medianhouseholdincome2019.csv.MedianHouseholdIncome2019(Dollars),-1,-1" #</Process><Process ToolSource="c:\program files\arcgis\pro\Resources\ArcToolbox\toolboxes\Conversion Tools.tbx\FeatureClassToFeatureClass" Date="20211010" Time="211210">FeatureClassToFeatureClass CACountyMedianHouseholdIncome2019 C:\Users\PhotonUser\Downloads CACountyMedianHouseholdIncome2019.shp # "NAME_PCASE "NAME_PCASE" true true false 40 Text 0 0,First,#,CACountyMedianHouseholdIncome2019,NAME_PCASE,0,40;NAME_UCASE "NAME_UCASE" true true false 30 Text 0 0,First,#,CACountyMedianHouseholdIncome2019,NAME_UCASE,0,30;FMNAME_PC "FMNAME_PC" true true false 40 Text 0 0,First,#,CACountyMedianHouseholdIncome2019,FMNAME_PC,0,40;FMNAME_UC "FMNAME_UC" true true false 26 Text 0 0,First,#,CACountyMedianHouseholdIncome2019,FMNAME_UC,0,26;ABBREV "ABBREV" true true false 4 Text 0 0,First,#,CACountyMedianHouseholdIncome2019,ABBREV,0,4;NUM "NUM" true true false 2 Short 0 0,First,#,CACountyMedianHouseholdIncome2019,NUM,-1,-1;ABCODE "ABCODE" true true false 6 Text 0 0,First,#,CACountyMedianHouseholdIncome2019,ABCODE,0,6;FIPS "FIPS" true true false 3 Text 0 0,First,#,CACountyMedianHouseholdIncome2019,FIPS,0,3;ANSI "ANSI" true true false 3 Text 0 0,First,#,CACountyMedianHouseholdIncome2019,ANSI,0,3;ISLAND "ISLAND" true true false 2 Text 0 0,First,#,CACountyMedianHouseholdIncome2019,ISLAND,0,2;Shape_Leng "Shape_Leng" true true false 8 Double 0 0,First,#,CACountyMedianHouseholdIncome2019,Shape_Leng,-1,-1;County "County" true true false 8000 Text 0 0,First,#,CACountyMedianHouseholdIncome2019,County,0,8000;MedianHouseholdIncome2019_Dollars_ "MedianHouseholdIncome2019(Dollars)" true true false 4 Long 0 0,First,#,CACountyMedianHouseholdIncome2019,MedianHouseholdIncome2019_Dollars_,-1,-1;Shape_Length "Shape_Length" false true true 8 Double 0 0,First,#,CACountyMedianHouseholdIncome2019,Shape_Length,-1,-1;Shape_Area "Shape_Area" false true true 8 Double 0 0,First,#,CACountyMedianHouseholdIncome2019,Shape_Area,-1,-1" #</Process></lineage><itemProps><itemName Sync="TRUE">CACountyMedianHouseholdIncome2019</itemName><imsContentType Sync="TRUE">002</imsContentType><itemSize Sync="TRUE">0.000</itemSize><itemLocation><linkage Sync="TRUE">file://\\EC2AMAZ-MRAGP1T\C$\Users\PhotonUser\Downloads\CACountyMedianHouseholdIncome2019.shp</linkage><protocol Sync="TRUE">Local Area Network</protocol></itemLocation></itemProps><coordRef><type Sync="TRUE">Projected</type><geogcsn Sync="TRUE">GCS_North_American_1983</geogcsn><csUnits Sync="TRUE">Linear Unit: Meter (1.000000)</csUnits><projcsn Sync="TRUE">NAD_1983_California_Teale_Albers</projcsn><peXml Sync="TRUE">&lt;ProjectedCoordinateSystem xsi:type='typens:ProjectedCoordinateSystem' xmlns:xsi='http://www.w3.org/2001/XMLSchema-instance' xmlns:xs='http://www.w3.org/2001/XMLSchema' xmlns:typens='http://www.esri.com/schemas/ArcGIS/2.8.0'&gt;&lt;WKT&gt;PROJCS[&amp;quot;NAD_1983_California_Teale_Albers&amp;quot;,GEOGCS[&amp;quot;GCS_North_American_1983&amp;quot;,DATUM[&amp;quot;D_North_American_1983&amp;quot;,SPHEROID[&amp;quot;GRS_1980&amp;quot;,6378137.0,298.257222101]],PRIMEM[&amp;quot;Greenwich&amp;quot;,0.0],UNIT[&amp;quot;Degree&amp;quot;,0.0174532925199433]],PROJECTION[&amp;quot;Albers&amp;quot;],PARAMETER[&amp;quot;False_Easting&amp;quot;,0.0],PARAMETER[&amp;quot;False_Northing&amp;quot;,-4000000.0],PARAMETER[&amp;quot;Central_Meridian&amp;quot;,-120.0],PARAMETER[&amp;quot;Standard_Parallel_1&amp;quot;,34.0],PARAMETER[&amp;quot;Standard_Parallel_2&amp;quot;,40.5],PARAMETER[&amp;quot;Latitude_Of_Origin&amp;quot;,0.0],UNIT[&amp;quot;Meter&amp;quot;,1.0],AUTHORITY[&amp;quot;EPSG&amp;quot;,3310]]&lt;/WKT&gt;&lt;XOrigin&gt;-16909700&lt;/XOrigin&gt;&lt;YOrigin&gt;-8597000&lt;/YOrigin&gt;&lt;XYScale&gt;266332319.7555542&lt;/XYScale&gt;&lt;ZOrigin&gt;-100000&lt;/ZOrigin&gt;&lt;ZScale&gt;10000&lt;/ZScale&gt;&lt;MOrigin&gt;-100000&lt;/MOrigin&gt;&lt;MScale&gt;10000&lt;/MScale&gt;&lt;XYTolerance&gt;0.001&lt;/XYTolerance&gt;&lt;ZTolerance&gt;0.001&lt;/ZTolerance&gt;&lt;MTolerance&gt;0.001&lt;/MTolerance&gt;&lt;HighPrecision&gt;true&lt;/HighPrecision&gt;&lt;WKID&gt;3310&lt;/WKID&gt;&lt;LatestWKID&gt;3310&lt;/LatestWKID&gt;&lt;/ProjectedCoordinateSystem&gt;</peXml></coordRef></DataProperties><SyncDate>20211010</SyncDate><SyncTime>21120900</SyncTime><ModDate>20211010</ModDate><ModTime>21120900</ModTime></Esri><dataIdInfo><envirDesc Sync="TRUE">Microsoft Windows Server 2016 Technical Preview Version 10.0 (Build 17763) ; Esri ArcGIS 12.8.0.29751</envirDesc><dataLang><languageCode value="eng" Sync="TRUE"></languageCode><countryCode value="USA" Sync="TRUE"></countryCode></dataLang><idCitation><resTitle Sync="TRUE">CACountyMedianHouseholdIncome2019</resTitle><presForm><PresFormCd value="005" Sync="TRUE"></PresFormCd></presForm></idCitation><spatRpType><SpatRepTypCd value="001" Sync="TRUE"></SpatRepTypCd></spatRpType></dataIdInfo><mdLang><languageCode value="eng" Sync="TRUE"></languageCode><countryCode value="USA" Sync="TRUE"></countryCode></mdLang><distInfo><distFormat><formatName Sync="TRUE">Shapefile</formatName></distFormat><distTranOps><transSize Sync="TRUE">0.000</transSize></distTranOps></distInfo><mdHrLv><ScopeCd value="005" Sync="TRUE"></ScopeCd></mdHrLv><mdHrLvName Sync="TRUE">dataset</mdHrLvName><refSysInfo><RefSystem><refSysID><identCode code="3310" Sync="TRUE"></identCode><idCodeSpace Sync="TRUE">EPSG</idCodeSpace><idVersion Sync="TRUE">6.8(9.2.0)</idVersion></refSysID></RefSystem></refSysInfo><spatRepInfo><VectSpatRep><geometObjs Name="CACountyMedianHouseholdIncome2019"><geoObjTyp><GeoObjTypCd value="002" Sync="TRUE"></GeoObjTypCd></geoObjTyp><geoObjCnt Sync="TRUE">0</geoObjCnt></geometObjs><topLvl><TopoLevCd value="001" Sync="TRUE"></TopoLevCd></topLvl></VectSpatRep></spatRepInfo><spdoinfo><ptvctinf><esriterm Name="CACountyMedianHouseholdIncome2019"><efeatyp Sync="TRUE">Simple</efeatyp><efeageom code="4" Sync="TRUE"></efeageom><esritopo Sync="TRUE">FALSE</esritopo><efeacnt Sync="TRUE">0</efeacnt><spindex Sync="TRUE">FALSE</spindex><linrefer Sync="TRUE">FALSE</linrefer></esriterm></ptvctinf></spdoinfo><eainfo><detailed Name="CACountyMedianHouseholdIncome2019"><enttyp><enttypl Sync="TRUE">CACountyMedianHouseholdIncome2019</enttypl><enttypt Sync="TRUE">Feature Class</enttypt><enttypc Sync="TRUE">0</enttypc></enttyp><attr><attrlabl Sync="TRUE">FID</attrlabl><attalias Sync="TRUE">FID</attalias><attrtype Sync="TRUE">OID</attrtype><attwidth Sync="TRUE">4</attwidth><atprecis Sync="TRUE">0</atprecis><attscale Sync="TRUE">0</attscale><attrdef Sync="TRUE">Internal feature number.</attrdef><attrdefs Sync="TRUE">Esri</attrdefs><attrdomv><udom Sync="TRUE">Sequential unique whole numbers that are automatically generated.</udom></attrdomv></attr><attr><attrlabl Sync="TRUE">Shape</attrlabl><attalias Sync="TRUE">Shape</attalias><attrtype Sync="TRUE">Geometry</attrtype><attwidth Sync="TRUE">0</attwidth><atprecis Sync="TRUE">0</atprecis><attscale Sync="TRUE">0</attscale><attrdef Sync="TRUE">Feature geometry.</attrdef><attrdefs Sync="TRUE">Esri</attrdefs><attrdomv><udom Sync="TRUE">Coordinates defining the features.</udom></attrdomv></attr><attr><attrlabl Sync="TRUE">NAME_PCASE</attrlabl><attalias Sync="TRUE">NAME_PCASE</attalias><attrtype Sync="TRUE">String</attrtype><attwidth Sync="TRUE">40</attwidth><atprecis Sync="TRUE">0</atprecis><attscale Sync="TRUE">0</attscale></attr><attr><attrlabl Sync="TRUE">NAME_UCASE</attrlabl><attalias Sync="TRUE">NAME_UCASE</attalias><attrtype Sync="TRUE">String</attrtype><attwidth Sync="TRUE">30</attwidth><atprecis Sync="TRUE">0</atprecis><attscale Sync="TRUE">0</attscale></attr><attr><attrlabl Sync="TRUE">FMNAME_PC</attrlabl><attalias Sync="TRUE">FMNAME_PC</attalias><attrtype Sync="TRUE">String</attrtype><attwidth Sync="TRUE">40</attwidth><atprecis Sync="TRUE">0</atprecis><attscale Sync="TRUE">0</attscale></attr><attr><attrlabl Sync="TRUE">FMNAME_UC</attrlabl><attalias Sync="TRUE">FMNAME_UC</attalias><attrtype Sync="TRUE">String</attrtype><attwidth Sync="TRUE">26</attwidth><atprecis Sync="TRUE">0</atprecis><attscale Sync="TRUE">0</attscale></attr><attr><attrlabl Sync="TRUE">ABBREV</attrlabl><attalias Sync="TRUE">ABBREV</attalias><attrtype Sync="TRUE">String</attrtype><attwidth Sync="TRUE">4</attwidth><atprecis Sync="TRUE">0</atprecis><attscale Sync="TRUE">0</attscale></attr><attr><attrlabl Sync="TRUE">NUM</attrlabl><attalias Sync="TRUE">NUM</attalias><attrtype Sync="TRUE">Integer</attrtype><attwidth Sync="TRUE">5</attwidth><atprecis Sync="TRUE">5</atprecis><attscale Sync="TRUE">0</attscale></attr><attr><attrlabl Sync="TRUE">ABCODE</attrlabl><attalias Sync="TRUE">ABCODE</attalias><attrtype Sync="TRUE">String</attrtype><attwidth Sync="TRUE">6</attwidth><atprecis Sync="TRUE">0</atprecis><attscale Sync="TRUE">0</attscale></attr><attr><attrlabl Sync="TRUE">FIPS</attrlabl><attalias Sync="TRUE">FIPS</attalias><attrtype Sync="TRUE">String</attrtype><attwidth Sync="TRUE">3</attwidth><atprecis Sync="TRUE">0</atprecis><attscale Sync="TRUE">0</attscale></attr><attr><attrlabl Sync="TRUE">ANSI</attrlabl><attalias Sync="TRUE">ANSI</attalias><attrtype Sync="TRUE">String</attrtype><attwidth Sync="TRUE">3</attwidth><atprecis Sync="TRUE">0</atprecis><attscale Sync="TRUE">0</attscale></attr><attr><attrlabl Sync="TRUE">ISLAND</attrlabl><attalias Sync="TRUE">ISLAND</attalias><attrtype Sync="TRUE">String</attrtype><attwidth Sync="TRUE">2</attwidth><atprecis Sync="TRUE">0</atprecis><attscale Sync="TRUE">0</attscale></attr><attr><attrlabl Sync="TRUE">Shape_Leng</attrlabl><attalias Sync="TRUE">Shape_Leng</attalias><attrtype Sync="TRUE">Double</attrtype><attwidth Sync="TRUE">19</attwidth><atprecis Sync="TRUE">0</atprecis><attscale Sync="TRUE">0</attscale></attr><attr><attrlabl Sync="TRUE">County</attrlabl><attalias Sync="TRUE">County</attalias><attrtype Sync="TRUE">String</attrtype><attwidth Sync="TRUE">254</attwidth><atprecis Sync="TRUE">0</atprecis><attscale Sync="TRUE">0</attscale></attr><attr><attrlabl Sync="TRUE">MedianHous</attrlabl><attalias Sync="TRUE">MedianHous</attalias><attrtype Sync="TRUE">Integer</attrtype><attwidth Sync="TRUE">10</attwidth><atprecis Sync="TRUE">10</atprecis><attscale Sync="TRUE">0</attscale></attr><attr><attrlabl Sync="TRUE">Shape_Le_1</attrlabl><attalias Sync="TRUE">Shape_Le_1</attalias><attrtype Sync="TRUE">Double</attrtype><attwidth Sync="TRUE">19</attwidth><atprecis Sync="TRUE">0</atprecis><attscale Sync="TRUE">0</attscale></attr><attr><attrlabl Sync="TRUE">Shape_Area</attrlabl><attalias Sync="TRUE">Shape_Area</attalias><attrtype Sync="TRUE">Double</attrtype><attwidth Sync="TRUE">19</attwidth><atprecis Sync="TRUE">0</atprecis><attscale Sync="TRUE">0</attscale><attrdef Sync="TRUE">Area of feature in internal units squared.</attrdef><attrdefs Sync="TRUE">Esri</attrdefs><attrdomv><udom Sync="TRUE">Positive real numbers that are automatically generated.</udom></attrdomv></attr></detailed></eainfo><mdDateSt Sync="TRUE">20211010</mdDateSt></metadata>
