<?xml version="1.0" encoding="UTF-8"?>
<metadata xml:lang="en"><Esri><CreaDate>20211011</CreaDate><CreaTime>22412800</CreaTime><ArcGISFormat>1.0</ArcGISFormat><SyncOnce>TRUE</SyncOnce><DataProperties><lineage><Process ToolSource="c:\program files\arcgis\pro\Resources\ArcToolbox\toolboxes\Conversion Tools.tbx\FeatureClassToFeatureClass" Date="20211011" Time="224128">FeatureClassToFeatureClass cnty19_1 \\catdrive.ucmerced.edu\classfiles\ENGR180\Lab\Vadodkar\Datafest-EducationalEquity\Data Median_Household_Income_By_County_2019.shp # "OBJECTID "OBJECTID" true true false 2 Short 0 2,First,#,cnty19_1,cnty19_1.OBJECTID,-1,-1;COUNTY_NAM "COUNTY_NAM" true true false 15 Text 0 0,First,#,cnty19_1,cnty19_1.COUNTY_NAM,0,15;COUNTY_ABB "COUNTY_ABB" true true false 3 Text 0 0,First,#,cnty19_1,cnty19_1.COUNTY_ABB,0,3;COUNTY_NUM "COUNTY_NUM" true true false 2 Short 0 2,First,#,cnty19_1,cnty19_1.COUNTY_NUM,-1,-1;COUNTY_COD "COUNTY_COD" true true false 2 Text 0 0,First,#,cnty19_1,cnty19_1.COUNTY_COD,0,2;COUNTY_FIP "COUNTY_FIP" true true false 3 Text 0 0,First,#,cnty19_1,cnty19_1.COUNTY_FIP,0,3;ISLAND "ISLAND" true true false 15 Text 0 0,First,#,cnty19_1,cnty19_1.ISLAND,0,15;GlobalID "GlobalID" true true false 38 Text 0 0,First,#,cnty19_1,cnty19_1.GlobalID,0,38;SHAPE_Leng "SHAPE_Leng" true true false 24 Double 15 23,First,#,cnty19_1,cnty19_1.SHAPE_Leng,-1,-1;SHAPE_Area "SHAPE_Area" true true false 24 Double 15 23,First,#,cnty19_1,cnty19_1.SHAPE_Area,-1,-1;County "County" true true false 8000 Text 0 0,First,#,cnty19_1,medianhouseholdincome2019.csv.County,0,8000;MedianHouseholdIncome2019_Dollars_ "MedianHouseholdIncome2019(Dollars)" true true false 4 Long 0 0,First,#,cnty19_1,medianhouseholdincome2019.csv.MedianHouseholdIncome2019(Dollars),-1,-1" #</Process><Process ToolSource="c:\program files\arcgis\pro\Resources\ArcToolbox\toolboxes\Data Management Tools.tbx\UpdateSchema" Date="20211011" Time="224547">UpdateSchema "CIMDATA=&lt;CIMStandardDataConnection xsi:type='typens:CIMStandardDataConnection' xmlns:xsi='http://www.w3.org/2001/XMLSchema-instance' xmlns:xs='http://www.w3.org/2001/XMLSchema' xmlns:typens='http://www.esri.com/schemas/ArcGIS/2.8.0'&gt;&lt;WorkspaceConnectionString&gt;DATABASE=\\catdrive.ucmerced.edu\classfiles\ENGR180\Lab\Vadodkar\Datafest-EducationalEquity\Data&lt;/WorkspaceConnectionString&gt;&lt;WorkspaceFactory&gt;Shapefile&lt;/WorkspaceFactory&gt;&lt;Dataset&gt;Median_Household_Income_By_County_2019&lt;/Dataset&gt;&lt;DatasetType&gt;esriDTFeatureClass&lt;/DatasetType&gt;&lt;/CIMStandardDataConnection&gt;" &lt;operationSequence&gt;&lt;workflow&gt;&lt;DeleteField&gt;&lt;field_name&gt;County&lt;/field_name&gt;&lt;/DeleteField&gt;&lt;/workflow&gt;&lt;workflow&gt;&lt;AddField&gt;&lt;field_name&gt;Field&lt;/field_name&gt;&lt;field_type&gt;LONG&lt;/field_type&gt;&lt;field_is_nullable&gt;False&lt;/field_is_nullable&gt;&lt;field_is_required&gt;False&lt;/field_is_required&gt;&lt;/AddField&gt;&lt;/workflow&gt;&lt;/operationSequence&gt;</Process></lineage></DataProperties></Esri></metadata>
